{"aeroplane": 0.5156507936507937, "apple": 0.23828097594564807, "backpack": 0.24000654572844893, "banana": 0.288838345321071, "baseball_bat": 0.39294871794871794, "baseball_glove": 0.5545531581415448, "bear": 0.5583333333333333, "bed": 0.5291525527901685, "bench": 0.3153331504297869, "bicycle": 0.5136192438664108, "bird": 0.4144000888307307, "boat": 0.3606876393679695, "book": 0.17476417537693395, "bottle": 0.4518179424791576, "bowl": 0.33275106879105276, "broccoli": 0.20993171219187207, "bus": 0.6562656497764152, "cake": 0.4011707988980717, "car": 0.541543154963003, "carrot": 0.1653253774525908, "cat": 0.6980605145422948, "cell_phone": 0.3362636101272465, "chair": 0.3821789383083231, "clock": 0.6362162298230941, "cow": 0.4876632469901198, "cup": 0.4930166280306425, "diningtable": 0.317732258999618, "dog": 0.6588606350292173, "donut": 0.5155570257006857, "elephant": 0.6765288632935694, "fire_hydrant": 0.6904761904761906, "fork": 0.3515313507376299, "frisbee": 0.6433451417004048, "giraffe": 0.75, "hair_drier": 0.0, "handbag": 0.17665248320600718, "horse": 0.6523518006448568, "hot_dog": 0.4075757575757576, "keyboard": 0.45092592592592595, "kite": 0.26002610058235126, "knife": 0.1621751390009063, "laptop": 0.5723778303591968, "microwave": 0.475, "motorbike": 0.5834163893748071, "mouse": 0.7781862745098039, "orange": 0.32189048631444506, "oven": 0.3136363636363636, "parking_meter": 0.47625, "person": 0.7055999042555312, "pizza": 0.4022742919660921, "pottedplant": 0.3172129425657124, "refrigerator": 0.4184539758910468, "remote": 0.35283832446782315, "sandwich": 0.30605177554892926, "scissors": 0.1111111111111111, "sheep": 0.5233148088463946, "sink": 0.5812413793470159, "skateboard": 0.610741780149675, "skis": 0.3348253331275402, "snowboard": 0.25, "sofa": 0.4589508017074834, "spoon": 0.15731944891893543, "sports_ball": 0.5424261517259064, "stop_sign": 0.4987373737373737, "suitcase": 0.5117387124692873, "surfboard": 0.3835341417478949, "teddy_bear": 0.5341156283895223, "tennis_racket": 0.55390903832539, "tie": 0.5240762966813287, "toaster": 0.0, "toilet": 0.6183592385823778, "toothbrush": 0.13333333333333333, "traffic_light": 0.3736381072463306, "train": 0.7341161083538726, "truck": 0.44823554950539113, "tvmonitor": 0.5525656395873948, "umbrella": 0.3713816313073232, "vase": 0.3896597337349122, "wine_glass": 0.4223107690251653, "zebra": 0.7290753461592173}