{"aeroplane": 0.7030163644405132, "apple": 0.3348279685133732, "backpack": 0.2506847680855125, "banana": 0.33485751536598984, "baseball_bat": 0.524017649017649, "baseball_glove": 0.5844905094905096, "bear": 0.6291666666666668, "bed": 0.5644961416673575, "bench": 0.2956643117730289, "bicycle": 0.5505422513578291, "bird": 0.4210766884899481, "boat": 0.3601643406752652, "book": 0.22776579017793505, "bottle": 0.43727982348080147, "bowl": 0.3204522050240822, "broccoli": 0.29925148743880536, "bus": 0.634543132783865, "cake": 0.5345235768784762, "car": 0.5499968748693718, "carrot": 0.1707023052044953, "cat": 0.7662468183422582, "cell_phone": 0.4680817934588193, "chair": 0.36528358290381147, "clock": 0.7049610147860064, "cow": 0.5683288339205544, "cup": 0.5237784880454642, "diningtable": 0.3154976248459315, "dog": 0.6655712713957169, "donut": 0.5317444386951388, "elephant": 0.69717803030303, "fire_hydrant": 0.7128205128205128, "fork": 0.39773225638328275, "frisbee": 0.6452991452991453, "giraffe": 0.774904214559387, "hair_drier": 0.0, "handbag": 0.17933443389678475, "horse": 0.6312328682027729, "hot_dog": 0.3220238095238095, "keyboard": 0.5264611931278598, "kite": 0.300674367192815, "knife": 0.25410591465335286, "laptop": 0.6767665274505603, "microwave": 0.5, "motorbike": 0.5788125446256934, "mouse": 0.5930555555555556, "orange": 0.3041509205714782, "oven": 0.375, "parking_meter": 0.5714285714285714, "person": 0.7205568773806362, "pizza": 0.47780669932626496, "pottedplant": 0.28891160932364296, "refrigerator": 0.5220659150799969, "remote": 0.45973269564677094, "sandwich": 0.37977632629585095, "scissors": 0.3055555555555555, "sheep": 0.5774399118813817, "sink": 0.6274300911055299, "skateboard": 0.6376503254102999, "skis": 0.43621125869702726, "snowboard": 0.3333333333333333, "sofa": 0.5635237897671452, "spoon": 0.11702317290552584, "sports_ball": 0.5479529514413235, "stop_sign": 0.5371794871794873, "suitcase": 0.6621668754966937, "surfboard": 0.42390933459567903, "teddy_bear": 0.5776592874697889, "tennis_racket": 0.6185627456838592, "tie": 0.547790273738416, "toaster": 0.0, "toilet": 0.6720953582804915, "toothbrush": 0.15000000000000002, "traffic_light": 0.3894762212418148, "train": 0.7518722547174237, "truck": 0.45309419027209497, "tvmonitor": 0.6449591889721282, "umbrella": 0.4485658114471111, "vase": 0.5046096185117024, "wine_glass": 0.4278967549562413, "zebra": 0.6860297094049295}